{
    "LinearRegression": {
        "rmse": 4576.474146583772,
        "mae": 2810.9919806451103,
        "r2": 0.84986129232504
    },
    "DecisionTree": {
        "rmse": 4656.832928716266,
        "mae": 2246.940704467354,
        "r2": 0.844542399097798
    },
    "GradientBoosting": {
        "rmse": 3816.3432961109675,
        "mae": 2157.115820429843,
        "r2": 0.8955939860171619
    },
    "XGBoost": {
        "rmse": 3871.550894936748,
        "mae": 2047.582084516283,
        "r2": 0.8925514417701889
    },
    "Ridge": {
        "rmse": 4576.235492996494,
        "mae": 2811.9047108819523,
        "r2": 0.849876950758047
    },
    "Lasso": {
        "rmse": 4576.490081240207,
        "mae": 2811.0089757824358,
        "r2": 0.8498602467983691
    },
    "ElasticNet": {
        "rmse": 5384.307887763141,
        "mae": 3969.372338151591,
        "r2": 0.7921785270296889
    }
}